"File","LineNo","Pattern","Snippet"
"C:\Users\dennwu\course-920\course-scheduling-service\src\main\resources\constraints.drl","27","eval(...)","eval(System.identityHashCode(this) > System.identityHashCode($a)) )"
"C:\Users\dennwu\course-920\course-scheduling-service\src\main\resources\constraints.drl","43","eval(...)","eval(System.identityHashCode(this) > System.identityHashCode($a)) )"
"C:\Users\dennwu\course-920\course-scheduling-service\src\main\resources\constraints.drl","59","eval(...)","eval( $curB == $cur && System.identityHashCode($b) > System.identityHashCode($a) )"
"C:\Users\dennwu\course-920\course-scheduling-service\src\main\resources\constraints.drl","70","eval(...)","eval( $cap < $size )"
"C:\Users\dennwu\course-920\course-scheduling-service\src\main\resources\constraints.drl","88","eval(...)","eval( $daySet.size() < $min )"
"C:\Users\dennwu\course-920\course-scheduling-service\src\main\resources\constraints.drl","114","eval(...)","eval(getCourse() != null && getCourse().getTeacher() != null && getCourse().getTeacher().equals($t)),"
"C:\Users\dennwu\course-920\course-scheduling-service\src\main\resources\constraints.drl","116","eval(...)","eval(System.identityHashCode(this) > System.identityHashCode($a)) )"
"C:\Users\dennwu\course-920\course-scheduling-service\target\classes\constraints.drl","27","eval(...)","eval(System.identityHashCode(this) > System.identityHashCode($a)) )"
"C:\Users\dennwu\course-920\course-scheduling-service\target\classes\constraints.drl","43","eval(...)","eval(System.identityHashCode(this) > System.identityHashCode($a)) )"
"C:\Users\dennwu\course-920\course-scheduling-service\target\classes\constraints.drl","59","eval(...)","eval( $curB == $cur && System.identityHashCode($b) > System.identityHashCode($a) )"
"C:\Users\dennwu\course-920\course-scheduling-service\target\classes\constraints.drl","70","eval(...)","eval( $cap < $size )"
"C:\Users\dennwu\course-920\course-scheduling-service\target\classes\constraints.drl","88","eval(...)","eval( $daySet.size() < $min )"
"C:\Users\dennwu\course-920\course-scheduling-service\target\classes\constraints.drl","114","eval(...)","eval(getCourse() != null && getCourse().getTeacher() != null && getCourse().getTeacher().equals($t)),"
"C:\Users\dennwu\course-920\course-scheduling-service\target\classes\constraints.drl","116","eval(...)","eval(System.identityHashCode(this) > System.identityHashCode($a)) )"
